{
  "IcoMoonType": "selection",
  "icons": [
    {
      "icon": {
        "paths": [
          "M867.786 100.781c-4.626-32.943-35.087-55.896-68.030-51.266l-536.843 75.449c-32.943 4.63-55.895 35.089-51.266 68.032s35.089 55.895 68.032 51.266l477.195-67.065 67.060 477.193c4.632 32.943 35.093 55.892 68.036 51.266 32.943-4.632 55.892-35.087 51.266-68.036l-75.451-536.839zM203.734 1011.326l652.51-865.911-96.214-72.501-652.508 865.907 96.212 72.505z"
        ],
        "attrs": [
          {
            "fill": "rgb(251, 251, 251)"
          }
        ],
        "isMulticolor": false,
        "isMulticolor2": false,
        "grid": 0,
        "tags": [
          "arrow"
        ],
        "colorPermutations": {
          "240635912512512511255197491": [
            {
              "f": 2
            }
          ]
        }
      },
      "attrs": [
        {
          "fill": "rgb(251, 251, 251)"
        }
      ],
      "properties": {
        "order": 127,
        "id": 11,
        "name": "arrow",
        "prevSize": 32
      },
      "setIdx": 2,
      "setId": 12,
      "iconIdx": 0
    },
    {
      "icon": {
        "paths": [
          "M512 938.665c235.643 0 426.665-191.027 426.665-426.667 0-235.641-191.022-426.666-426.665-426.666-235.641 0-426.666 191.025-426.666 426.666 0 235.64 191.025 426.667 426.666 426.667z",
          "M512 256v256l170.665 85.335"
        ],
        "attrs": [
          {
            "fill": "none",
            "strokeLinejoin": "round",
            "strokeLinecap": "round",
            "strokeMiterlimit": "4",
            "strokeWidth": 76.80000000000001
          },
          {
            "fill": "none",
            "strokeLinejoin": "round",
            "strokeLinecap": "round",
            "strokeMiterlimit": "4",
            "strokeWidth": 76.80000000000001
          }
        ],
        "isMulticolor": false,
        "isMulticolor2": false,
        "grid": 0,
        "tags": [
          "clock"
        ],
        "colorPermutations": {
          "240635912512512511255197491": [
            {
              "s": 0
            },
            {
              "s": 0
            }
          ]
        }
      },
      "attrs": [
        {
          "fill": "none",
          "strokeLinejoin": "round",
          "strokeLinecap": "round",
          "strokeMiterlimit": "4",
          "strokeWidth": 76.80000000000001
        },
        {
          "fill": "none",
          "strokeLinejoin": "round",
          "strokeLinecap": "round",
          "strokeMiterlimit": "4",
          "strokeWidth": 76.80000000000001
        }
      ],
      "properties": {
        "order": 128,
        "id": 10,
        "name": "clock",
        "prevSize": 32
      },
      "setIdx": 2,
      "setId": 12,
      "iconIdx": 1
    },
    {
      "icon": {
        "paths": [
          "M42.666 512c0 0 170.667-341.331 469.333-341.331s469.331 341.331 469.331 341.331c0 0-170.665 341.335-469.331 341.335s-469.333-341.335-469.333-341.335z",
          "M512 640c70.692 0 128-57.308 128-128s-57.308-128-128-128c-70.692 0-128 57.308-128 128s57.308 128 128 128z"
        ],
        "attrs": [
          {
            "fill": "none",
            "strokeLinejoin": "round",
            "strokeLinecap": "round",
            "strokeMiterlimit": "4",
            "strokeWidth": 102.4
          },
          {
            "fill": "none",
            "strokeLinejoin": "round",
            "strokeLinecap": "round",
            "strokeMiterlimit": "4",
            "strokeWidth": 102.4
          }
        ],
        "isMulticolor": false,
        "isMulticolor2": false,
        "grid": 0,
        "tags": [
          "eye"
        ],
        "colorPermutations": {
          "240635912512512511255197491": [
            {
              "s": 0
            },
            {
              "s": 0
            }
          ]
        }
      },
      "attrs": [
        {
          "fill": "none",
          "strokeLinejoin": "round",
          "strokeLinecap": "round",
          "strokeMiterlimit": "4",
          "strokeWidth": 102.4
        },
        {
          "fill": "none",
          "strokeLinejoin": "round",
          "strokeLinecap": "round",
          "strokeMiterlimit": "4",
          "strokeWidth": 102.4
        }
      ],
      "properties": {
        "order": 129,
        "id": 9,
        "name": "eye",
        "prevSize": 32
      },
      "setIdx": 2,
      "setId": 12,
      "iconIdx": 2
    },
    {
      "icon": {
        "paths": [
          "M765.44 765.435c-72.934 55.598-161.746 86.395-253.441 87.895-298.666 0-469.333-341.333-469.333-341.333 53.073-98.906 126.683-185.318 215.893-253.44M422.399 180.903c29.369-6.874 59.438-10.311 89.6-10.24 298.666 0 469.331 341.334 469.331 341.334-25.897 48.454-56.786 94.068-92.16 136.108M602.45 602.45c-11.715 12.575-25.846 22.661-41.549 29.66-15.703 6.994-32.65 10.757-49.837 11.059s-34.258-2.857-50.196-9.298c-15.938-6.436-30.416-16.015-42.571-28.17s-21.736-26.634-28.174-42.573c-6.438-15.939-9.599-33.009-9.296-50.196 0.303-17.187 4.065-34.136 11.061-49.838s17.083-29.832 29.659-41.551",
          "M42.666 42.669l938.664 938.666"
        ],
        "attrs": [
          {
            "fill": "none",
            "strokeLinejoin": "round",
            "strokeLinecap": "round",
            "strokeMiterlimit": "4",
            "strokeWidth": 102.4
          },
          {
            "fill": "none",
            "strokeLinejoin": "round",
            "strokeLinecap": "round",
            "strokeMiterlimit": "4",
            "strokeWidth": 102.4
          }
        ],
        "isMulticolor": false,
        "isMulticolor2": false,
        "grid": 0,
        "tags": [
          "eye-off"
        ],
        "colorPermutations": {
          "240635912512512511255197491": [
            {
              "s": 0
            },
            {
              "s": 0
            }
          ]
        }
      },
      "attrs": [
        {
          "fill": "none",
          "strokeLinejoin": "round",
          "strokeLinecap": "round",
          "strokeMiterlimit": "4",
          "strokeWidth": 102.4
        },
        {
          "fill": "none",
          "strokeLinejoin": "round",
          "strokeLinecap": "round",
          "strokeMiterlimit": "4",
          "strokeWidth": 102.4
        }
      ],
      "properties": {
        "order": 130,
        "id": 8,
        "name": "eye-off",
        "prevSize": 32
      },
      "setIdx": 2,
      "setId": 12,
      "iconIdx": 3
    },
    {
      "icon": {
        "paths": [
          "M256 426.667l-85.333 85.333 256 256 426.667-426.667-85.333-85.333-341.333 341.333-170.667-170.667z"
        ],
        "attrs": [
          {
            "fill": "rgb(251, 251, 251)"
          }
        ],
        "isMulticolor": false,
        "isMulticolor2": false,
        "grid": 0,
        "tags": [
          "fe_check"
        ],
        "colorPermutations": {
          "240635912512512511255197491": [
            {
              "f": 2
            }
          ]
        }
      },
      "attrs": [
        {
          "fill": "rgb(251, 251, 251)"
        }
      ],
      "properties": {
        "order": 131,
        "id": 7,
        "name": "fe_check",
        "prevSize": 32
      },
      "setIdx": 2,
      "setId": 12,
      "iconIdx": 4
    },
    {
      "icon": {
        "paths": [
          "M889.175 196.694c-21.792-21.803-47.667-39.098-76.146-50.898s-59.002-17.874-89.828-17.874c-30.826 0-61.349 6.074-89.828 17.874s-54.351 29.095-76.142 50.898l-45.229 45.227-45.225-45.227c-44.020-44.019-103.721-68.748-165.973-68.748s-121.954 24.729-165.973 68.748c-44.019 44.019-68.748 103.721-68.748 165.973s24.729 121.956 68.748 165.972l377.172 377.175 377.175-377.175c21.803-21.792 39.097-47.667 50.897-76.142 11.8-28.479 17.873-59.004 17.873-89.83s-6.073-61.35-17.873-89.828c-11.8-28.478-29.093-54.353-50.897-76.145z"
        ],
        "attrs": [
          {
            "fill": "none",
            "strokeLinejoin": "round",
            "strokeLinecap": "round",
            "strokeMiterlimit": "4",
            "strokeWidth": 78.76923076923077
          }
        ],
        "isMulticolor": false,
        "isMulticolor2": false,
        "grid": 0,
        "tags": [
          "heart"
        ],
        "colorPermutations": {
          "240635912512512511255197491": [
            {
              "s": 0
            }
          ]
        }
      },
      "attrs": [
        {
          "fill": "none",
          "strokeLinejoin": "round",
          "strokeLinecap": "round",
          "strokeMiterlimit": "4",
          "strokeWidth": 78.76923076923077
        }
      ],
      "properties": {
        "order": 132,
        "id": 6,
        "name": "heart",
        "prevSize": 32
      },
      "setIdx": 2,
      "setId": 12,
      "iconIdx": 5
    },
    {
      "icon": {
        "paths": [
          "M889.175 196.694c-21.792-21.803-47.667-39.098-76.146-50.898s-59.002-17.874-89.828-17.874c-30.826 0-61.349 6.074-89.828 17.874s-54.351 29.095-76.142 50.898l-45.229 45.227-45.225-45.227c-44.020-44.019-103.721-68.748-165.973-68.748s-121.954 24.729-165.973 68.748c-44.019 44.019-68.748 103.721-68.748 165.973s24.729 121.956 68.748 165.972l377.172 377.175 377.175-377.175c21.803-21.792 39.097-47.667 50.897-76.142 11.8-28.479 17.873-59.004 17.873-89.83s-6.073-61.35-17.873-89.828c-11.8-28.478-29.093-54.353-50.897-76.145z"
        ],
        "attrs": [
          {
            "fill": "rgb(240, 63, 59)",
            "stroke": "rgb(240, 63, 59)",
            "strokeLinejoin": "round",
            "strokeLinecap": "round",
            "strokeMiterlimit": "4",
            "strokeWidth": 78.76923076923077
          }
        ],
        "isMulticolor": false,
        "isMulticolor2": false,
        "grid": 0,
        "tags": [
          "heart-hover"
        ],
        "colorPermutations": {
          "240635912512512511255197491": [
            {
              "f": 0,
              "s": 0
            }
          ]
        }
      },
      "attrs": [
        {
          "fill": "rgb(240, 63, 59)",
          "stroke": "rgb(240, 63, 59)",
          "strokeLinejoin": "round",
          "strokeLinecap": "round",
          "strokeMiterlimit": "4",
          "strokeWidth": 78.76923076923077
        }
      ],
      "properties": {
        "order": 133,
        "id": 5,
        "name": "heart-hover",
        "prevSize": 32
      },
      "setIdx": 2,
      "setId": 12,
      "iconIdx": 6
    },
    {
      "icon": {
        "paths": [
          "M896 426.664c0 298.667-384 554.667-384 554.667s-384-256-384-554.667c0-101.843 40.457-199.516 112.471-271.529s169.686-112.471 271.529-112.471c101.843 0 199.514 40.457 271.526 112.471 72.019 72.013 112.474 169.686 112.474 271.529z",
          "M512 554.664c70.692 0 128-57.308 128-128s-57.308-128-128-128c-70.692 0-128 57.308-128 128s57.308 128 128 128z"
        ],
        "attrs": [
          {
            "fill": "none",
            "strokeLinejoin": "round",
            "strokeLinecap": "round",
            "strokeMiterlimit": "4",
            "strokeWidth": 96
          },
          {
            "fill": "none",
            "strokeLinejoin": "round",
            "strokeLinecap": "round",
            "strokeMiterlimit": "4",
            "strokeWidth": 96
          }
        ],
        "isMulticolor": false,
        "isMulticolor2": false,
        "grid": 0,
        "tags": [
          "map-pin"
        ],
        "colorPermutations": {
          "240635912512512511255197491": [
            {
              "s": 0
            },
            {
              "s": 0
            }
          ]
        }
      },
      "attrs": [
        {
          "fill": "none",
          "strokeLinejoin": "round",
          "strokeLinecap": "round",
          "strokeMiterlimit": "4",
          "strokeWidth": 96
        },
        {
          "fill": "none",
          "strokeLinejoin": "round",
          "strokeLinecap": "round",
          "strokeMiterlimit": "4",
          "strokeWidth": 96
        }
      ],
      "properties": {
        "order": 134,
        "id": 4,
        "name": "map-pin",
        "prevSize": 32
      },
      "setIdx": 2,
      "setId": 12,
      "iconIdx": 7
    },
    {
      "icon": {
        "paths": [
          "M396.813 300.61l115.187-218.319 115.187 218.319c10.187 19.307 28.756 32.796 50.26 36.518l243.232 42.084-172.038 177.014c-15.213 15.654-22.31 37.48-19.2 59.087l35.136 244.328-221.512-108.915c-19.589-9.638-42.538-9.638-62.127 0l-221.514 108.915 35.137-244.328c3.107-21.607-3.985-43.433-19.199-59.087l-172.040-177.014 243.229-42.084c21.51-3.722 40.076-17.211 50.262-36.518z"
        ],
        "attrs": [
          {
            "fill": "rgb(255, 197, 49)",
            "stroke": "rgb(255, 197, 49)",
            "strokeLinejoin": "miter",
            "strokeLinecap": "butt",
            "strokeMiterlimit": "4",
            "strokeWidth": 76.8
          }
        ],
        "isMulticolor": false,
        "isMulticolor2": false,
        "grid": 0,
        "tags": [
          "star"
        ],
        "colorPermutations": {
          "240635912512512511255197491": [
            {
              "f": 1,
              "s": 1
            }
          ]
        }
      },
      "attrs": [
        {
          "fill": "rgb(255, 197, 49)",
          "stroke": "rgb(255, 197, 49)",
          "strokeLinejoin": "miter",
          "strokeLinecap": "butt",
          "strokeMiterlimit": "4",
          "strokeWidth": 76.8
        }
      ],
      "properties": {
        "order": 135,
        "id": 3,
        "name": "star",
        "prevSize": 32
      },
      "setIdx": 2,
      "setId": 12,
      "iconIdx": 8
    },
    {
      "icon": {
        "paths": [
          "M256 0h512c141.385 0 256 114.615 256 256v512c0 141.385-114.615 256-256 256h-512c-141.385 0-256-114.615-256-256v-512c0-141.385 114.615-256 256-256z",
          "M512 307.2c27.159 0 53.204 10.788 72.407 29.993 19.205 19.203 29.993 45.248 29.993 72.407s-10.788 53.204-29.993 72.407c-19.203 19.205-45.248 29.993-72.407 29.993s-53.204-10.788-72.407-29.993c-19.205-19.203-29.993-45.248-29.993-72.407s10.788-53.204 29.993-72.407c19.203-19.205 45.248-29.993 72.407-29.993zM512 563.2c113.152 0 204.8 45.824 204.8 102.4v51.2h-409.6v-51.2c0-56.576 91.648-102.4 204.8-102.4z"
        ],
        "attrs": [
          {
            "fill": "rgb(251, 251, 251)"
          },
          {
            "fill": "rgb(240, 63, 59)"
          }
        ],
        "isMulticolor": true,
        "isMulticolor2": false,
        "grid": 0,
        "tags": [
          "user"
        ],
        "colorPermutations": {
          "240635912512512511255197491": [
            {
              "f": 2
            },
            {
              "f": 0
            }
          ]
        }
      },
      "attrs": [
        {
          "fill": "rgb(251, 251, 251)"
        },
        {
          "fill": "rgb(240, 63, 59)"
        }
      ],
      "properties": {
        "order": 136,
        "id": 2,
        "name": "user",
        "prevSize": 32
      },
      "setIdx": 2,
      "setId": 12,
      "iconIdx": 9
    },
    {
      "icon": {
        "paths": [
          "M768 256l-512 512",
          "M256 256l512 512"
        ],
        "attrs": [
          {
            "fill": "none",
            "strokeLinejoin": "round",
            "strokeLinecap": "round",
            "strokeMiterlimit": "4",
            "strokeWidth": 80
          },
          {
            "fill": "none",
            "strokeLinejoin": "round",
            "strokeLinecap": "round",
            "strokeMiterlimit": "4",
            "strokeWidth": 80
          }
        ],
        "isMulticolor": false,
        "isMulticolor2": false,
        "grid": 0,
        "tags": [
          "x"
        ],
        "colorPermutations": {
          "240635912512512511255197491": [
            {
              "s": 0
            },
            {
              "s": 0
            }
          ]
        }
      },
      "attrs": [
        {
          "fill": "none",
          "strokeLinejoin": "round",
          "strokeLinecap": "round",
          "strokeMiterlimit": "4",
          "strokeWidth": 80
        },
        {
          "fill": "none",
          "strokeLinejoin": "round",
          "strokeLinecap": "round",
          "strokeMiterlimit": "4",
          "strokeWidth": 80
        }
      ],
      "properties": {
        "order": 137,
        "id": 1,
        "name": "x",
        "prevSize": 32
      },
      "setIdx": 2,
      "setId": 12,
      "iconIdx": 10
    }
  ],
  "height": 1024,
  "preferences": {
    "showGlyphs": true,
    "showQuickUse": true,
    "showQuickUse2": true,
    "showSVGs": true,
    "fontPref": {
      "prefix": "icon-",
      "metadata": {
        "fontFamily": "icomoon"
      },
      "metrics": {
        "emSize": 1024,
        "baseline": 6.25,
        "whitespace": 50
      },
      "embed": false
    },
    "imagePref": {
      "prefix": "icon-",
      "png": true,
      "useClassSelector": true,
      "color": 0,
      "bgColor": 16777215,
      "classSelector": ".icon",
      "name": "icomoon"
    },
    "historySize": 50,
    "showCodes": true,
    "gridSize": 16
  }
}